Samp_no,Date,Species,Month,Colony,Fv.Fm,Ik,rETRmax,Alpha,SA_cm2,Cells.cm2,Chl_pg.cell,Host_Proteins_mg.cm2,Host_Carbs_mg.cm2,Lipids_Host.mg.cm2.,Host_Stored_energy_J.cm2,Carbs_sym.pg.cell.,Proteins_sym.pg.cell.,Lipids_sym.pg.cell.,Sym_Stored_energy_uJ.cell
1,04/02/2021,Stylophora,February,S1,0.579,4.415172414,19.206,4.35,2.237,5307450,1.98,1.32,0.2,0.54,56,16.9,21.959,11.807,1.29
2,04/02/2021,Stylophora,February,S2,,3.502318841,12.083,3.45,1.134,4729712,1.6,1.44,0.21,0.29,50,,15.029,20.771,
3,04/02/2021,Stylophora,February,S3,0.544,4.785888078,19.67,4.11,2.513, ,1.37,0.9,0.1,0.51,44,22.72,26.629,3.796,1.18
4,04/02/2021,Stylophora,February,S4,0.55,4.306779661,15.246,3.54,2.513,5569617,1.17,1.22,0.27,0.45,51,23.38,25.328,12.38,1.5
5,04/02/2021,Stylophora,February,S5,0.485,4.5,17.82,3.96,3.34,6805914,1.57, , ,0.08, ,30.77,10.097,12.136,1.26
6,04/02/2021,Stylophora,February,S6,0.556,3.920300752,15.642,3.99,1.41,5352658,2.12,1.55,0.2,0.57,63,23.91,79.196,45.415,4.11
7,04/02/2021,Stylophora,February,S7,0.564,4.033819951,16.579,4.11,1.961, ,1.31, ,0.13,0.31, ,13.3,39.493,57.605,3.45
8,04/02/2021,Stylophora,February,S8,0.548,4.438888889,15.5805,3.51,1.961,5476351, ,1.38,0.21,0.02,37,20.77,27.289,29.228,2.17
9,08/03/2021,Stylophora,March,S1,0.566,4.469827586,20.74,4.64,3.34,4692959,1.5,1.49,0.3, , ,25.7,26.662,27.918,2.19
10,08/03/2021,Stylophora,March,S2,0.585,4.724211712,20.9755,4.44,2.513,4253325,1.05,1.43,0.22,0.34,52,25.5,41.984,45.45,3.24
11,08/03/2021,Stylophora,March,S3,0.575,5.516239316,25.816,4.68,3.34,5249827,1.61,1.37,0.29,0.55,59,30.75,27.462,30.939,2.42
12,08/03/2021,Stylophora,March,S4,0.611,4.316592428,19.3815,4.49,1.41,5554846,1.74,1.8,0.32,0.19,56,30.77,30.859,38.611,2.8
13,08/03/2021,Stylophora,March,S5,0.562,4.688972163,21.8975,4.67,3.616,4884676,1.6,2.12,0.3,0.53,77,25.56,28.961,19.801,1.92
14,08/03/2021,Stylophora,March,S6,0.545,3.434482759,13.944,4.06,2.237,3832227,1.4,1.36, ,0.26, ,35.09,34.543,41.301,3.07
15,08/03/2021,Stylophora,March,S7,0.55,3.856953642,17.472,4.53,5.822,2983398, ,1.25,0.24,0.42,50,32.48,48.694,20.714,2.55
16,08/03/2021,Stylophora,March,S8,0.587,4.516750948,21.4365,4.746,2.789,2867102,1.51,1.37,0.19,0.39,51,32.25,34.872,50.036,3.37
17,07/04/2021,Stylophora,April,S1,0.587,4.008292683,16.434,4.1,3.064,4383517,1.59,1.78,0.33,0.44,66,25.73,25.475,1.137,1.1
18,07/04/2021,Stylophora,April,S2,0.545,3.309855769,13.769,4.16,2.237,3399718,1.5,1.6,0.26,0.21,51,28.09,30.358,36.385,2.65
19,07/04/2021,Stylophora,April,S3,0.593,4.906956522,22.572,4.6,2.513,3916044,1.54,1.43, ,0.38, ,27.22,59.064,28.99,3.03
20,07/04/2021,Stylophora,April,S4,0.613,5.204106776,25.344,4.87,2.789,5067186, ,2.22,0.44,0.56,83,38.88,40.319,20.019,2.43
21,07/04/2021,Stylophora,April,S5,0.57,4.104878049,16.83,4.1,4.167,4913041,1.74,1.82,0.32,0.46,67,28.27,26.63,16.59,1.79
22,07/04/2021,Stylophora,April,S6,0.574,3.986283186,18.018,4.52,3.064,4466733,1.32,1.68,0.31,0.55,67,30.12,30.82,2.291,1.35
23,07/04/2021,Stylophora,April,S7,0.581,4.32020202,21.385,4.95,1.961,4830050,1.43,1.76,0.27, , ,21.56,45.28,23.921,
24,07/04/2021,Stylophora,April,S8,0.537,4.802745995,20.988,4.37,3.616,5950801,1.62, ,0.39,0.43, ,23.25,39.215,12.948,1.86
25,05/05/2021,Stylophora,May,S1,0.621,5.166932271,25.938,5.02,2.237,2410648,1.42,1.73,0.29,0.53,67,34.31,56.17,8.65,2.28
26,05/05/2021,Stylophora,May,S2,0.595,5.327542373,25.146,4.72,2.789,2638487,1.15,1.48,0.16,0.66,64,31.79,59.556,67.984,
27,05/05/2021,Stylophora,May,S3,0.554,5.609302326,26.532,4.73,2.513,4587622,1.57,2.02,0.26,0.69,80,30.06,53.214,0.937,1.83
28,05/05/2021,Stylophora,May,S4,0.608,6.357758621,33.1875,5.22,5.271,5198135,1.19,1.94,0.32,0.34,65,27.94,32.573,11.738,1.73
29,05/05/2021,Stylophora,May,S5,0.53,5.726272912,28.116,4.91,4.167, ,1.2, , ,0.42, ,21.05,28.385,10.788,1.47
30,05/05/2021,Stylophora,May,S6,0.601,6.752601156,35.046,5.19,3.892,5110890,1.63,1.78,0.27,0.53,68,25.68,42.158,19.39,2.22
31,05/05/2021,Stylophora,May,S7,0.58,5.49126506,27.3465,4.98,2.513,2853459,1.44,1.32,0.24,0.86,70,28.08,47.716,8.709,1.98
32,05/05/2021,Stylophora,May,S8,0.61,6.382135922,32.868,5.15,3.34,3469197,1.34,1.88,0.24,0.63,74,23.25,37.203,45.38,3.09
33,14/06/2021,Stylophora,June,S1,,3.433189655,11.9475,3.48,2.789,2382976,1.54,1.49,0.24,0.28,51,35.36, ,36.085,
34,14/06/2021,Stylophora,June,S2,,3.996774194,14.868,3.72,3.064,2665355,1.17,1.33,0.17,0.19,42,28.49,43.847,5.921,1.78
35,14/06/2021,Stylophora,June,S3,,4.551428571,19.116,4.2,2.789,3103786,1.25,1.37,0.15,0.38,50,26.64, ,10.027,
36,14/06/2021,Stylophora,June,S4,,3.897922438,14.0715,3.61,3.34,5465389,1.01,1.82,0.34,0.56,72,21.48,25.572,13.352,1.51
37,14/06/2021,Stylophora,June,S5,,,,,3.892,3461221,1.02,1.14,0.19,0.21,39,26.04,24.189,11.213,1.48
38,14/06/2021,Stylophora,June,S6,,4.175724638,17.2875,4.14,2.789,3453433,1.04,1.04,0.1,0.3,39,28.49,26.216,22.13,2
39,14/06/2021,Stylophora,June,S7,,4.060588235,17.2575,4.25,2.789,2686900,1.34,1.72,0.33,0.58,70,28.62,36.142,68.985,4.09
40,14/06/2021,Stylophora,June,S8,,4.274336283,19.32,4.52,2.789,4464718,1.07,1.41,0.28,0.5,58,18.05, ,15.729,
41,01/07/2021,Stylophora,July,S1,0.582,5.679850746,22.833,4.02,2.513,2405740, ,1.69,0.18,0.57,66,22.74, ,100.358,
42,01/07/2021,Stylophora,July,S2,0.625,5.48,23.016,4.2,3.34,2838230,1.27,1.61,0.26,0.64,68,24.27,35.138,44.32,3.02
43,01/07/2021,Stylophora,July,S3,0.627,5.842156863,26.8155,4.59,4.443,3315126,1.54,1.36,0.29,0.34,51,29.86,50.251,4.167,1.89
44,01/07/2021,Stylophora,July,S4,0.601,6.681456954,30.267,4.53,6.925,4378460,1.41,2.08,0.3,0.2,63,20.49,41.791, ,
45,01/07/2021,Stylophora,July,S5,0.574,4.8,19.824,4.13, , , , , , , ,, , ,
46,01/07/2021,Stylophora,July,S6,0.578,4.2,18.312,4.36,2.513,1999809,1.01, ,0.1,0.44, ,16.88,49.796,99.54,5.42
47,01/07/2021,Stylophora,July,S7,0.622,6.204315789,29.4705,4.75,2.513,2468421,1.56,1.7,0.29,0.08,49,28.03,65.17,95.328,
48,01/07/2021,Stylophora,July,S8,0.59,4.652307692,21.168,4.55,3.064,1492990,1.29,1.36,0.13,0.62,59,18.54,69.429,15.293,2.59
49,03/08/2021,Stylophora,August,S1,0.647,5.118637275,25.542,4.99,4.995,2103667,1.66,1.09,0.16,0.61,53,,44.405,55.905,
50,03/08/2021,Stylophora,August,S9,0.578,7.409302326,38.232,5.16,3.064,1906622,0.91,0.89,0.11,0.11,28,,36.108,32.192,
51,03/08/2021,Stylophora,August,S3,0.628,9.25,49.1175,5.31,2.789,3039236,1.39, ,0.24,0.7, ,18.44,40.859,16.18,1.94
52,03/08/2021,Stylophora,August,S4,0.632,5.84537037,28.4085,4.86,4.167,3221371,1.41,1.01,0.14,0.17,33,20.9,32.46,29.3,2.3
53,03/08/2021,Stylophora,August,S5,0.592,5.780040733,28.38,4.91,2.237,2038490,1.43,1.2,0.19,0.1,36,,29.146,57.779,
54,03/08/2021,Stylophora,August,S6,0.604,7.240909091,38.232,5.28,3.34,3004392,1.02,1.2,0.16,0.11,36,19.45,50.037,47.352,3.41
55,03/08/2021,Stylophora,August,S7,0.64,,,5.64,2.237,1433649,1.66,1.02,0.08,0.32,39,,60.615, ,
56,03/08/2021,Stylophora,August,S8,0.644,4.872659574,22.9015,4.7,4.443,2374940,1.61,1.3,0.21,0.18,42,21.5,60.409,8.929,2.17
57,17/09/2021,Stylophora,September,S1,0.556,,,3.64, , , , , , , ,, , ,
58,17/09/2021,Stylophora,September,S9,0.569,7.611,34.2495,4.5,7.753,2186321,1.44,1.16,0.11,0.22,38,27.27,67.512,6.988,2.37
59,17/09/2021,Stylophora,September,S3,0.598,9.969795918,48.852,4.9,4.995,2537614,1.32,1.37,0.12,0.25,45,27.04,54.78,70.384,4.56
60,17/09/2021,Stylophora,September,S4,0.611,,26.55,4.07,4.443,3478857,1.63,1.93,0.25,0.87,85,31.87,42.802,26.877,2.64
61,17/09/2021,Stylophora,September,S5,0.539,11.37857143,54.162,4.76,9.407,2431573,1.11,1.2,0.23,0.39,48,25.75,59.136,14.818,2.45
62,17/09/2021,Stylophora,September,S6,0.597,10.17216867,42.2145,4.15,6.65,2692271,1.51,1.55,0.23,0.45,59,30.87,53.526,34.747,3.19
63,17/09/2021,Stylophora,September,S7,0.62,12.13562874,60.7995,5.01,4.995,3923541,1.6,1.63, ,0.84, ,26.69,54.6,18.771,2.51
64,17/09/2021,Stylophora,September,S8,0.645,9.940521327,41.949,4.22,4.167,2449322,1.66,1.14,0.16,0.52,51,21.46,68.833,33.452,3.34
65,08/10/2021,Stylophora,October,S1,0.596,8.02992278,37.4355,4.662,5.546,3000579,1.33,1.7, ,0.07, ,20.59,39.023,17.23,1.97
66,08/10/2021,Stylophora,October,S9,0.567,8.399044586,39.5595,4.71,3.892,2083285,1.76,0.73,0.1,0.24,29,17.5,43.744,1.222,1.4
67,08/10/2021,Stylophora,October,S3,0.579,9.37994012,46.9935,5.01,8.029,3090226,0.98,0.84,0.2,0.27,34,14.96,29.911,13.599,1.51
68,08/10/2021,Stylophora,October,S4,0.64,7.21403118,32.391,4.49,5.271,3665589,1.53,1.69,0.21,0.47,63,19.67,40.765,10.487,1.73
69,08/10/2021,Stylophora,October,S5,0.558,8.986153846,40.887,4.55,3.616,3368456,1.62,1.53,0.21,0.47,59,16.11,29.823,26.808,2.05
70,08/10/2021,Stylophora,October,S6,0.573,10.88029412,55.4895,5.1,4.167,3458925,1.14,1.38,0.16,0.66,62,16.72,29.942,3.441,1.14
71,08/10/2021,Stylophora,October,S7,0.638,10.78148479,60.2685,5.59,4.719,2840078,1.32,1.72,0.22,0.11,49,26.8,60.248,45.84,3.72
72,08/10/2021,Stylophora,October,S8,,8.812815126,41.949,4.76,7.753,2901229,1.35,1.36,0.14,0,35,19.42,47.05,20.954,2.29
73,03/11/2021,Stylophora,November,S1,,7.345050761,28.9395,3.94,10.235,2853483,1.99,1.06, ,0.29, ,20.08,41.28,14.982,1.93
74,03/11/2021,Stylophora,November,S9,,,22.848,3.58,3.892,3478566,1.71,1,0.16,0.6,50,16.11,29.268,32.098,2.25
75,03/11/2021,Stylophora,November,S3,,10.29742991,44.073,4.28,2.789,4900431,1.59,1.35,0.4, , ,22.94,25.621,7.486,1.31
76,03/11/2021,Stylophora,November,S4,,8.847058824,31.584,3.57,2.789,5849856,1.43,1.67,0.34,0.95,83,14.39,22.406,18.064,1.5
77,03/11/2021,Stylophora,November,S5,,9.36287062,41.6835,4.452,2.789,6247916,1.12,1.26,0.2,0.75,63,15.98,24.052,0.634,0.88
78,03/11/2021,Stylophora,November,S6,,8.101775148,27.384,3.38,3.064,3639470,1.2,1.09,0.15,0.67,55,23.66,26.983,26.772,2.12
79,03/11/2021,Stylophora,November,S7,,,54.4275,4.65,3.892,3923745,1.53,1.18,0.2, ,32,15.91,34.051,8.426,1.43
80,03/11/2021,Stylophora,November,S8,,8.443076923,32.928,3.9,5.822,3810402,1.91,0.91,0.16,0.39,40,19.29,30.743,16.343,1.72
81,02/12/2021,Stylophora,December,S1,0.624,3.219088937,14.84,4.61,4.443,3046743,1.61,1.46,0.16,0.91,74,15.14, ,10.13,
82,02/12/2021,Stylophora,December,S9,0.633,3.991489362,18.76,4.7,2.789,1772439,1.23,0.81,0.09, , ,13.4,39.659, ,
83,02/12/2021,Stylophora,December,S3,0.609,3.914606742,17.42,4.45,1.961,2826134, ,1.2,0.14,1.18,78,21.66,34.466,13.05,1.72
84,02/12/2021,Stylophora,December,S4,0.633,3.773157895,17.9225,4.75,4.443,3944730,1.91,1.46,0.26,0.75,69,18.05,41.291,29.654,2.47
85,02/12/2021,Stylophora,December,S5,0.58,2.713178295,10.5,3.87,3.892,2318402,1.48,0.77,0.06,0.46, ,20.36,54.01,15.769,2.27
86,02/12/2021,Stylophora,December,S6,0.629,3.453991131,15.5775,4.51,3.064,2219905,2.06,0.87,0.17,0.38,39,19.37, ,35.205,
87,02/12/2021,Stylophora,December,S7,0.638,3.261061947,14.74,4.52,2.789,2103259,1.4,1.23,0.1,0.57,54,17.85,58.596, ,
88,02/12/2021,Stylophora,December,S8,0.634,3.381849315,14.8125,4.38,3.892,2921610,1.54,1.25,0.22,0.72,62,21.69,33.727,3.471,1.32
89,09/01/2022,Stylophora,January,S1,0.608,2.876237624,11.62,4.04,5.822, ,2.06,1.17,0.21,0.59,55,18.33,46.969,30.238,2.64
90,09/01/2022,Stylophora,January,S9,0.581,3.882450331,17.5875,4.53,2.789,5002636,2.17,1.46,0.21,0.31,51,18.61,33.896,25.689,2.15
91,09/01/2022,Stylophora,January,S3,0.623,3.526315789,15.41,4.37,2.513,7079921,2.08,1.55,0.23, , ,23.37,37.673,10.965,1.74
92,09/01/2022,Stylophora,January,S4,0.617,3.275555556,14.74,4.5,4.443,5614109,2.23,1.76, ,1.06, ,21.87,39.48,17.473,2.02
93,09/01/2022,Stylophora,January,S5,0.602,3.659472422,15.26,4.17,2.789,5349593,1.76,1.43,0.25,1.11,82,18.02,29.416,32.842,2.32
94,09/01/2022,Stylophora,January,S6,0.613,3.443678161,14.98,4.35,2.789,5696550,1.89,1.5,0.3,1.04,82,27.63,41.993,17.309,2.17
95,09/01/2022,Stylophora,January,S7,0.618,3.797139831,17.9225,4.72,3.064,5854480,1.72,1.72,0.26,0.57,68,17.89,37.261,17.653,1.9
96,09/01/2022,Stylophora,January,S8,0.618,3.658045977,15.9125,4.35,3.064,5812872,2,1.8,0.25,0.32,60,25.07,33.894,27.721,2.34
97,04/02/2021,Pocillopora,February,P1,0.525,3.260869565,12.6,3.864,4.443,2783423,1.22,0.71,0.14,0.03,21,32.46,47.468,42.933,3.4
98,04/02/2021,Pocillopora,February,P2,0.563,4.018957346,17.808,4.431,3.34,2272380,1.84,0.54,0.11,0.14,20,26.84,26.397,20.615,1.91
99,04/02/2021,Pocillopora,February,P3,0.58,7.049678801,32.922,4.67,3.892,1778790,2.08,0.51,0.07,0.12,18,34.07,34.593,21.297,2.26
100,04/02/2021,Pocillopora,February,P4,0.543,4.873262032,18.226,3.74,2.237, ,1.83,0.97,0.09,0.09,28,50.29,34.982,10.985,2.15
101,04/02/2021,Pocillopora,February,P5,0.509,4.2,17.64,4.2,2.237,1897673, ,1.05,0.08,0.6,,37.24,43.971,45.591,3.5
102,04/02/2021,Pocillopora,February,P6,0.498,3.661016949,13.608,3.717,3.616,1920684,1.43,0.66,0.04,0.48,35,28.92,37.575,53.794,3.53
103,04/02/2021,Pocillopora,February,P7,0.533,3.700253165,14.616,3.95,2.237,2464293,1.74,0.64,0.14,0.24,27,38.8,73.413,23.158,3.35
104,04/02/2021,Pocillopora,February,P8,0.544,4.983412322,21.03,4.22,2.789,2243117,1.74,0.76,0.11,0.49,39,31.87,66.491,1.124,2.19
105,08/03/2021,Pocillopora,March,P1,0.507,3.450877193,13.769,3.99,5.546,2112170,1.22,0.76,0.14,0.11,25,39.22,32.755,18.938,2.22
106,08/03/2021,Pocillopora,March,P2,0.517,3.718149883,15.8765,4.27,3.34,1573601,1.82,0.72,0.02,0.86, ,49.33,48.447,62.64,4.5
107,08/03/2021,Pocillopora,March,P3,0.577,6.622717149,29.736,4.49,3.34,2045591,1.99,0.78,0.07,0.15,26,35.52,38.928,11.544,2.01
108,08/03/2021,Pocillopora,March,P4,0.539,4.920812808,19.9785,4.06,3.064,1495438,1.95,0.78,0.11,0.54,42,77.84,37.125, ,
109,08/03/2021,Pocillopora,March,P5,0.498,4.004422604,16.298,4.07,5.271,2248304,1.23,0.6,0.08,0.37,31,25.87,32.231,23.42,2.15
110,08/03/2021,Pocillopora,March,P6,0.557,3.567260579,16.017,4.49,3.892,2605552,1.17,0.91,0.13,0.45,42,37.06,55.198,18.521,2.7
111,08/03/2021,Pocillopora,March,P7,0.55,3.032374101,12.645,4.17,4.719,2318788,1.77,0.78,0.15,0.19,29,46.41,44.762,12.752,2.39
112,08/03/2021,Pocillopora,March,P8,0.57,4.177027027,18.546,4.44,3.892,1482004,0.89,0.67,0.07,0.51,37,54.01,43.856,79.824,5.15
113,07/04/2021,Pocillopora,April,P1,0.468,2.436338028,8.649,3.55,5.271,3260041, ,1.16,0.21,0.16,38,24.2,28.559,13.687,1.65
114,07/04/2021,Pocillopora,April,P2,0.544,4.254077253,19.824,4.66,4.995,2560137,1.06,0.86,0.1,0.53,43,33.36,25.761,5.728,1.43
115,07/04/2021,Pocillopora,April,P3,0.521,7.715935879,32.731,4.242,1.685,1540611, ,0.9,0.21,0.34,38,,62.641, ,
116,07/04/2021,Pocillopora,April,P4,0.491,4.123766234,15.8765,3.85,1.961, ,1.9, ,0.07,0.57,40,29.56,70.888,6.521,2.47
117,07/04/2021,Pocillopora,April,P5,0.535,2.741745283,11.625,4.24,3.064,2519319,1.02, ,0.16,0.17,35,36.09,59.502,66.336,4.67
118,07/04/2021,Pocillopora,April,P6,0.476,#DIV/0!,6.138,,3.064, , , ,0.26,0.68, ,103.61,, ,
119,07/04/2021,Pocillopora,April,P7,0.492,3.325664894,12.5045,3.76,3.892,2935100,0.96,0.85,0.16,0.32,36,,32.62,22.68,
120,07/04/2021,Pocillopora,April,P8,0.54,3.878605769,16.135,4.16,2.237,2008315,0.99,1.14,0.16,0.76,60,42.13,36.529, ,
121,05/05/2021,Pocillopora,May,P1,0.555,6.819351464,32.5965,4.78,1.961,2416937,1.25,1.27,0.15,0.72,61,43.76,48.299,106.317,6.12
122,05/05/2021,Pocillopora,May,P2,0.587,5.750390625,29.442,5.12,3.616,2142620,1.36,0.95,0.12,0.37,39,55.56,49.541,42.903,3.85
123,05/05/2021,Pocillopora,May,P3,0.559,9.636807095,43.462,4.51,2.237,1847382,1.01,1.2,0.22,1, ,69.33,73.031,66.597,5.59
124,05/05/2021,Pocillopora,May,P4,0.589,4.649056604,22.176,4.77,1.134, ,1.06, , , , ,36.61,46.91,15.379,2.37
125,05/05/2021,Pocillopora,May,P5,0.587,3.39665272,16.236,4.78,4.719,2285413,0.83,1.15,0.17,0.28,42,33.47,52.59,32.69,3.13
126,05/05/2021,Pocillopora,May,P6,0.598,3.69793578,16.123,4.36,3.616,2868580,0.92, ,0.17, , ,40.82,49.624,30.548,3.11
127,05/05/2021,Pocillopora,May,P7,0.566,4.844924406,22.432,4.63,4.719,2973580,0.69, ,0.16,0.14, ,35.66,18.127,18.583,1.79
128,05/05/2021,Pocillopora,May,P8,0.578,6.760167715,32.246,4.77,9.407,3731070,0.67,1.16,0.23,0.29,43,28.35,42.213,10.917,1.94
129,14/06/2021,Pocillopora,June,P1,0.555,3.430263158,15.642,4.56,4.443,1836485,0.83,0.7,0.1,0.2,26,25.77,22.701,30.707,2.21
130,14/06/2021,Pocillopora,June,P2,0.57,4.125,19.8,4.8,5.271,1161149,0.97,0.74,0.1,0.05,21,40.03,60.835,93.54,5.85
131,14/06/2021,Pocillopora,June,P3,0.611,4.809108159,25.344,5.27,4.719,1249190,1.07,0.99,0.11,0.12,30,42.18,70.163,19.992,3.2
132,14/06/2021,Pocillopora,June,P4,0.58,4.339148936,20.394,4.7,9.683, ,0.56,1.05,0.14,0.06,30,24.38,27.701,11.1,1.53
133,14/06/2021,Pocillopora,June,P5,0.558,4.739032258,22.0365,4.65,5.271,1112768,1.66,1.17,0.17,0.46,49,57.8,73.076,19.869,3.54
134,14/06/2021,Pocillopora,June,P6,0.589,4.612048193,22.968,4.98,4.167,2429526,1.11,0.92,0.16,0.14,30,30.27, ,25.766,
135,14/06/2021,Pocillopora,June,P7,0.579,3.557142857,16.434,4.62,3.064,1233553,1.31,0.78,0.1,0.23,30,40.14, , ,
136,14/06/2021,Pocillopora,June,P8,0.579,3.85969163,17.523,4.54,9.683,1961887,0.72,0.73,0.13,0.14,25,21.47,29.138,11.735,1.54
137,01/07/2021,Pocillopora,July,P1,0.593,6.343592437,30.1955,4.76,5.822,4182683,0.69,1.15,0.18,0.73, ,21.37,25.752,12.847,1.5
138,01/07/2021,Pocillopora,July,P2,0.574,4.461290323,22.128,4.96,6.65,1939969,0.93,0.85,0.11,0.11,27,30.28,42.01,6.756,1.8
139,01/07/2021,Pocillopora,July,P3,0.612,7.758956693,39.4155,5.08,3.064,1502780,1.25,1.03,0.14,0.78,,26.62,69.219,73.053,5.01
140,01/07/2021,Pocillopora,July,P4,0.564,7.823882114,38.4935,4.92,3.616,3353937,0.92,0.98,0.13,0.1,30,27.4,38.294,15.408,2
141,01/07/2021,Pocillopora,July,P5,0.573,3.857541322,18.6705,4.84,4.995,1953512,1,0.94,0.1,0.17,31,23.02,70.651,47.783,3.98
142,01/07/2021,Pocillopora,July,P6,0.563,7.446193416,36.1885,4.86,3.064,3453458,0.97,1.29,0.17,0.47,52,26.53,43.331,2.468,1.6
143,01/07/2021,Pocillopora,July,P7,0.56,3.087053571,13.83,4.48,3.616,1310877,1.3,0.86,0.15,0.15,29,40.69,55.356,16.69,2.69
144,01/07/2021,Pocillopora,July,P8,0.563,8.327741935,38.724,4.65,3.064,1113624,1.15,0.72,0.08,0.12, ,26.68, ,95.163,
145,03/08/2021,Pocillopora,August,P1,0.585,8.347363083,41.1525,4.93,3.064,2785284,1.38,1.29,0.06,0.5,52,31.19,33.287,35.974,2.76
146,03/08/2021,Pocillopora,August,P2,0.582,5.788716356,27.9595,4.83,5.822,1548379,1.14,0.74,0.1,0.32,32,21.66,38.719,15.922,1.93
147,03/08/2021,Pocillopora,August,P3,0.643,7.76956912,43.2765,5.57,6.65,2020049,1.07,1.19,0.14,0.22,39,22.47,35.498,43.474,2.96
148,03/08/2021,Pocillopora,August,P4,0.592,7.502912621,38.64,5.15,4.167,1574693,0.96,0.83,0.07,0.75,51,22.93,37.112,23.725,2.23
149,03/08/2021,Pocillopora,August,P5,0.589,5.015762004,24.0255,4.79,3.616,1458143,1.58,0.65,0.09,0.57,40,,58.974,48.985,4.04
150,03/08/2021,Pocillopora,August,P6,0.588,7.186053719,34.7805,4.84,4.167,1545898,1.18,0.98,0.09,0.17,32,22.95,42.337,41.703,3.06
151,03/08/2021,Pocillopora,August,P7,0.539,6.669565217,27.612,4.14,5.271,2172886,0.94,0.75,0.14,0.12,,28.38,26.107,2.832,1.23
152,03/08/2021,Pocillopora,August,P8,0.615,8.290517241,43.2765,5.22,4.995,1524070,1.51,0.72,0.1,0.5,39,18.99,48.197,11.61,1.94
153,17/09/2021,Pocillopora,September,P1,0.523,5.520220588,22.5225,4.08,13.82,1447888,1.01,0.74,0.09,0.08,22,20.83,30.113,10.779,1.51
154,17/09/2021,Pocillopora,September,P2,0.521,5.997066015,24.528,4.09,10.511,1992979,0.71,0.61,0.07,0.23,25,21.8,35.298,7.284,1.51
155,17/09/2021,Pocillopora,September,P3,0.607,,,5.38,15.475,1521338,1.36,0.95,0.11,0.17,31,31.65,44.414,13.563,2.15
156,17/09/2021,Pocillopora,September,P4,0.559,5.125423729,21.168,4.13,16.854,2371866,1.25,0.87,0.12,0.21,31,38.11,38.226,10.958,2.01
157,17/09/2021,Pocillopora,September,P5,0.545,5.537671233,20.2125,3.65,5.546,1653767,1,1.42,0.15,0.16,43,31.77,56.647,15.875,2.54
158,17/09/2021,Pocillopora,September,P6,0.556,7.801973684,35.577,4.56,9.683,2441322,1.62,0.83,0.12,0.21,30,27.94,37.758,9.808,1.78
159,17/09/2021,Pocillopora,September,P7,0.546,5.902702703,24.024,4.07,6.925,1601717,0.95,0.73,0.1,0.31,31,22.93,26.447,57.93,3.32
160,17/09/2021,Pocillopora,September,P8,0.585,6.4125,28.728,4.48,12.717,1535153,1.36,0.87,0.11,0.14,28,25.78,41.897,24.373,2.42
161,08/10/2021,Pocillopora,October,P1,0.705,5.341040462,27.72,5.19,9.407,1816903,0.67,1.01,0.12,0.28,37,26.07,36.08,20.282,2.12
162,08/10/2021,Pocillopora,October,P2,0.677,6.22875,29.898,4.8,6.098,1129057,0.79,0.61,0.04,0.06,17,21.16, ,14.448,
163,08/10/2021,Pocillopora,October,P3,0.73,8.042685026,46.728,5.81,7.201,1831994,0.83,0.66,0.07,0.16,23,29.2,27.591,46.007,2.99
164,08/10/2021,Pocillopora,October,P4,0.693,5.739130435,27.72,4.83,9.407,1891844,1.42,0.78,0.11,0.28,31,21.01,27.005,6.982,1.29
165,08/10/2021,Pocillopora,October,P5,0.703,6.281700555,33.984,5.41,14.923,1111685,0.93,0.38,0.07,0.13,16,37.6,40,12.806,2.12
166,08/10/2021,Pocillopora,October,P6,0.69,,,5.67,6.65,1818157,0.76,0.97,0.1,0.12,30,28.41,45.903,24.056,2.54
167,08/10/2021,Pocillopora,October,P7,0.67,9.736773547,48.5865,4.99,6.098,1291405,1.15,0.68,0.11,0.17,25,28.54,43.744,10.685,1.97
168,08/10/2021,Pocillopora,October,P8,0.69,8.408711434,46.332,5.51,7.477,2356238,0.51,0.51,0.09,0.08,17,24.56,28.248,11.514,1.56
169,03/11/2021,Pocillopora,November,P1,0.6,7.831694561,37.4355,4.78,5.546,2889697,1.01,0.56,0.11,0.36,29,19.68,46.046,7.522,1.74
170,03/11/2021,Pocillopora,November,P2,0.592,#DIV/0!,22.302,,6.374,1548527,1.42,0.44,0.09,0.19,20,25.02,34.866,38.301,2.78
171,03/11/2021,Pocillopora,November,P3,0.664,8.154973822,46.728,5.73,4.719,1247600,1.38,0.47,0.07,0.28,24,29.72,67.737,46.601,3.98
172,03/11/2021,Pocillopora,November,P4,0.622,6.559259259,31.878,4.86,3.34,1697549, ,0.5,0.08,0.28,24,43.99,63.052,56.483,4.51
173,03/11/2021,Pocillopora,November,P5,0.567,#DIV/0!,23.6295,,3.34,1904129,2.08,0.68,0.17,0.52,40,40.95,42.587,5.501,1.95
174,03/11/2021,Pocillopora,November,P6,0.601,10.31523179,46.728,4.53,8.856,2484781,1.78,0.57,0.07,0.15,21,33.58,40.381,19.959,2.34
175,03/11/2021,Pocillopora,November,P7,0.602,8.062025316,38.214,4.74,5.546,1851191,1.62,0.43,0.05,0.11,15,30.46, ,9.054,
176,03/11/2021,Pocillopora,November,P8,0.615,9.668207547,51.2415,5.3,3.616,824691, ,0.5,0.08,0.53,34,68.68, , ,
177,02/12/2021,Pocillopora,December,P1,0.624,,,,8.304,2834967,0.68,1.07,0.12,0.15,34,17.31,24.699,20.898,1.72
178,02/12/2021,Pocillopora,December,P2,0.633,,,,6.374,1752095,0.85,0.82,0.11,0.1,26,28.68,40.879,7.164,
179,02/12/2021,Pocillopora,December,P3,0.609,,,, , , , , , , ,, , ,
180,02/12/2021,Pocillopora,December,P4,0.633,,,,2.789,1734785,1.45,1.13,0.16,0.08,33,29.09,53.849,67.843,4.48
181,02/12/2021,Pocillopora,December,P5,0.58,,,,2.237,1307919,1.18,1.2,0.19,0.56,54,136.67,51.596,62.756,6.1
182,02/12/2021,Pocillopora,December,P6,0.629,,,,4.719,1695783,1.31,1.09,0.17,0.27,39,25.48,48.416,60.5,3.99
183,02/12/2021,Pocillopora,December,P7,0.638,,,,3.616,1281839,1.81,0.54,0.07,0.16, ,26.46,46.333,14.831,2.16
184,02/12/2021,Pocillopora,December,P8,0.634,,,,3.616,2063802,1.55,0.79,0.12,0.45,39,18.62,35.484,63.619,3.69
185,09/01/2022,Pocillopora,January,P1,0.586,2.819905213,11.9,4.22,5.822,2908684,1.32,0.86,0.13,0.42,39,22.66,24.41,4.19,1.15
186,09/01/2022,Pocillopora,January,P2,0.585,3.082568807,13.44,4.36,4.995,1189225,2.14,0.52,0.07,0.14, ,,49.461,46.107,
187,09/01/2022,Pocillopora,January,P3,0.641,4.709245742,19.355,4.11,5.271,2154387,1.42,0.66,0.11,0.18,25,25.49,41.214,18.234,2.15
188,09/01/2022,Pocillopora,January,P4,0.593,3.751633987,17.22,4.59,3.34,2721467,2.18,0.97,0.12,0.24,35,29.81,41.453,46.001,3.33
189,09/01/2022,Pocillopora,January,P5,0.577,3.122065728,13.3,4.26,4.167,2735466,1.6,0.81,0.2,0.51,43,,30.966,28.69,
190,09/01/2022,Pocillopora,January,P6,0.571,3.436936937,15.26,4.44,3.892,3873638,2.15,0.91,0.09,0.57,46,20.53,17.295,2.524,0.87
191,09/01/2022,Pocillopora,January,P7,0.556,1.833333333,6.82,3.72,3.892,2507266,1.17,1.07,0.18,0.5,48,21.8,32.61,4.151,1.32
192,09/01/2022,Pocillopora,January,P8,0.605,2.967839806,12.2275,4.12,4.719,2210716,0.9,0.74,0.13,0.17,27,20.57,0.06,27.8,2.24
